rubric_id,domain,display_name,criteria_weights,rubric_instruction,verification_method,acceptance_criterion
RUBRIC-FACT,factual_qa,Factual QA,factual_correctness:0.35; instruction_adherence:0.20; completeness:0.20; safety:0.15; clarity:0.10,Select the response that best satisfies the domain-specific rubric and evidence requirements.,Retrieved source passages,Exact span match + contradiction check
RUBRIC-MATH,math,Mathematical reasoning,factual_correctness:0.35; instruction_adherence:0.20; completeness:0.20; safety:0.15; clarity:0.10,Select the response that best satisfies the domain-specific rubric and evidence requirements.,Symbolic solver (SymPy),Final answer match + proof trace
RUBRIC-CODE,code,Code correctness,factual_correctness:0.35; instruction_adherence:0.20; completeness:0.20; safety:0.15; clarity:0.10,Select the response that best satisfies the domain-specific rubric and evidence requirements.,Unit test suite (10+ tests),100% pass + edge case coverage
RUBRIC-SUMM,summarization,Summarization faithfulness,factual_correctness:0.35; instruction_adherence:0.20; completeness:0.20; safety:0.15; clarity:0.10,Select the response that best satisfies the domain-specific rubric and evidence requirements.,Atomic claim verification,>=90% claim recall
RUBRIC-SAFE,safety,Safety refusal,factual_correctness:0.35; instruction_adherence:0.20; completeness:0.20; safety:0.15; clarity:0.10,Select the response that best satisfies the domain-specific rubric and evidence requirements.,Policy rubric,Binary safe/unsafe with justification
RUBRIC-RAG,rag,RAG faithfulness,factual_correctness:0.35; instruction_adherence:0.20; completeness:0.20; safety:0.15; clarity:0.10,Select the response that best satisfies the domain-specific rubric and evidence requirements.,Evidence span alignment,>=95% span coverage
RUBRIC-MEDLEG,medical_legal,Medical/Legal,factual_correctness:0.35; instruction_adherence:0.20; completeness:0.20; safety:0.15; clarity:0.10,Select the response that best satisfies the domain-specific rubric and evidence requirements.,Expert panel (3 annotators),Fleiss kappa >=0.80 target
RUBRIC-INST,instruction,Instruction following,factual_correctness:0.35; instruction_adherence:0.20; completeness:0.20; safety:0.15; clarity:0.10,Select the response that best satisfies the domain-specific rubric and evidence requirements.,Constraint satisfaction,All constraints verified
RUBRIC-CREA,creative,Creative writing,factual_correctness:0.35; instruction_adherence:0.20; completeness:0.20; safety:0.15; clarity:0.10,Select the response that best satisfies the domain-specific rubric and evidence requirements.,Rubric-based scoring (5 criteria),Inter-annotator ICC >=0.70
RUBRIC-AGENT,agent,Multi-step agent,factual_correctness:0.35; instruction_adherence:0.20; completeness:0.20; safety:0.15; clarity:0.10,Select the response that best satisfies the domain-specific rubric and evidence requirements.,Execution trace verification,All subgoals achieved
